 Annotation,HLA,Peptide,binding score,immunogenic score
TESLA,HLA-A01:01,ASSFLKSFY,0.9869506001472473,0.08285345360636712
TESLA,HLA-A01:01,ATLFSDSWYY,0.9247798800468445,0.0037712751771323385
TESLA,HLA-A01:01,CVDWLIAVY,0.9968435049057007,0.20087212473154067
TESLA,HLA-A01:01,DTDSRFISY,0.9991671323776246,0.04692106982693076
TESLA,HLA-A01:01,ELTQGYIYFY,0.8586805105209351,0.05252910868730396
TESLA,HLA-A01:01,ESEPYTFSY,0.998423969745636,0.12921593319624664
TESLA,HLA-A01:01,FATCLGLFY,0.8949362635612488,0.14621601700782777
TESLA,HLA-A01:01,FSDVGEVPY,0.9984086394309998,0.20834003826603292
TESLA,HLA-A01:01,FSSPTHSLY,0.9977707862854004,0.014068684889934957
TESLA,HLA-A01:01,FSSPTHSLYV,0.7860680222511292,0.01481111217290163
TESLA,HLA-A01:01,FTADQKVVY,0.9908521056175232,0.027218094235286115
TESLA,HLA-A01:01,FTDRERHCF,0.9078110933303833,0.13827817738056183
TESLA,HLA-A01:01,FTNESYLELY,0.9985637068748474,0.01804187005618587
TESLA,HLA-A01:01,FTQEDPQMVY,0.9940343379974366,0.0764780193567276
TESLA,HLA-A01:01,GDTDSRFISY,0.9569024682044983,0.10785941630601883
TESLA,HLA-A01:01,GTDPLFMFA,0.9469169974327087,0.19219430405646562
TESLA,HLA-A01:01,IAADGEFLY,0.9026254773139953,0.17697286009788513
TESLA,HLA-A01:01,IFSSPTHSLY,0.727746844291687,0.006583263468928635
TESLA,HLA-A01:01,ILDTAGHEEY,0.9994331121444702,0.4542356550693512
TESLA,HLA-A01:01,ISEYVSVRFY,0.9977912306785583,0.06978163681924343
TESLA,HLA-A01:01,ISVATFLPY,0.6584150791168213,0.04201505128294229
TESLA,HLA-A01:01,LLDEPSAHLY,0.9997437119483947,0.34788075387477874
TESLA,HLA-A01:01,LSDGPSMGRY,0.9990733861923218,0.10858125314116478
TESLA,HLA-A01:01,LSGSDNVLY,0.9725532412528992,0.0797229390591383
TESLA,HLA-A01:01,LTEQYNEKY,0.9984520196914672,0.021861755242571234
TESLA,HLA-A01:01,LTQGYIYFY,0.9868972182273865,0.04148264764808118
TESLA,HLA-A01:01,LTVDYATFY,0.9498069047927856,0.04207784682512283
TESLA,HLA-A01:01,LVDIVLNFY,0.9983352899551392,0.021250811871141195
TESLA,HLA-A01:01,MLDIIKAIY,0.9979228377342224,0.01640098700299859
TESLA,HLA-A01:01,PSAEVEMTFY,0.9437952518463135,0.1724545642733574
TESLA,HLA-A01:01,QLDVSRLWY,0.998530900478363,0.09257628004997968
TESLA,HLA-A01:01,RCVDWLIAVY,0.7381297886371613,0.2585537176579237
TESLA,HLA-A01:01,RSAQKMFTY,0.9278377890586853,0.0867885708808899
TESLA,HLA-A01:01,SSDCSAWYM,0.9575536489486695,0.19957257937639952
TESLA,HLA-A01:01,VSCRSVWEY,0.9258957743644715,0.14134692810475827
TESLA,HLA-A01:01,VSEGGCFCY,0.9905969858169555,0.1731053326278925
TESLA,HLA-A01:01,WSDIMFEHFY,0.9997688889503479,0.3014938712120056
TESLA,HLA-A01:01,WSFPYEFLY,0.9499397993087768,0.09173646671697497
TESLA,HLA-A01:01,YTAEKKSLSE,0.9291455388069153,0.052269793068990114
TESLA,HLA-A01:01,YTDKSEHATY,0.9994055747985839,0.20635031312704086
TESLA,HLA-A02:01,ALDHMFMYFL,0.9922889590263366,0.2537127919495106
TESLA,HLA-A02:01,ALDKNLHQL,0.9933920621871948,0.7524993419647217
TESLA,HLA-A02:01,ALFELRNISV,0.9981845140457153,0.5865333408117295
TESLA,HLA-A02:01,ALGVYGGPYV,0.9804868936538697,0.6095076769590377
TESLA,HLA-A02:01,ALHEEVVCV,0.997310197353363,0.7152539372444153
TESLA,HLA-A02:01,ALKEIIPQCI,0.9324445843696594,0.6024635314941407
TESLA,HLA-A02:01,ALPPTVYEV,0.9975776076316833,0.7409876942634582
TESLA,HLA-A02:01,ALSDGPIDAV,0.9965684533119201,0.6308247953653335
TESLA,HLA-A02:01,ALVNQQFLCV,0.9926591873168945,0.7321801543235779
TESLA,HLA-A02:01,ALWPLAYGV,0.9959802150726318,0.6958049416542054
TESLA,HLA-A02:01,AVLGSFSYV,0.9936468601226807,0.8123479962348938
TESLA,HLA-A02:01,AVPGGGMPI,0.37368738651275635,0.3320910021662712
TESLA,HLA-A02:01,AVYCACFVEL,0.9730133891105652,0.44849452674388884
TESLA,HLA-A02:01,EMASVLFKA,0.8753115177154541,0.46191025376319883
TESLA,HLA-A02:01,FHLAELCIEV,0.8563859820365906,0.6566659122705459
TESLA,HLA-A02:01,FIAEQILATL,0.9958068013191224,0.47516589164733886
TESLA,HLA-A02:01,FIWLATRRV,0.9605202794075012,0.8311400294303894
TESLA,HLA-A02:01,FIYLFVTET,0.9632661700248718,0.15925907334312797
TESLA,HLA-A02:01,FLCNARVKV,0.9930517196655273,0.4856312721967697
TESLA,HLA-A02:01,FLDEGFSGL,0.9954065799713134,0.784325897693634
TESLA,HLA-A02:01,FLDEGFSGLV,0.9972792863845825,0.8046037912368774
TESLA,HLA-A02:01,FLDKFMEAV,0.9992409825325013,0.730327171087265
TESLA,HLA-A02:01,FLDPDLTNI,0.997161078453064,0.7211302399635315
TESLA,HLA-A02:01,FLFQEECWHL,0.9961900353431702,0.7755202531814576
TESLA,HLA-A02:01,FLGSLLILV,0.9937361717224121,0.7848742246627808
TESLA,HLA-A02:01,FLGSLLILVV,0.9927037239074707,0.859091055393219
TESLA,HLA-A02:01,FLLDETEVSV,0.9994989633560181,0.6963862299919128
TESLA,HLA-A02:01,FLLWKATGV,0.9952402472496032,0.7513697147369385
TESLA,HLA-A02:01,FLNCDIMLGV,0.9988768815994262,0.7793429613113403
TESLA,HLA-A02:01,FLNDASACV,0.9971684694290162,0.5215264469385147
TESLA,HLA-A02:01,FLSEFAGTQL,0.9974950671195983,0.4991112232208252
TESLA,HLA-A02:01,FLSELEASV,0.9995548486709595,0.7720894575119018
TESLA,HLA-A02:01,FLTKLVHLV,0.99655601978302,0.5460343033075332
TESLA,HLA-A02:01,FLVESQLHL,0.9988951921463013,0.6802286982536316
TESLA,HLA-A02:01,FLWGSRAHA,0.9784595608711243,0.5702823460102081
TESLA,HLA-A02:01,FMATYEINV,0.9985107779502869,0.44465616941452024
TESLA,HLA-A02:01,FMKDGLTGA,0.9875768065452576,0.5865212619304657
TESLA,HLA-A02:01,FQLPILQPA,0.9591107964515686,0.65774564743042
TESLA,HLA-A02:01,FQLRTADWHL,0.8890455961227417,0.5709775686264038
TESLA,HLA-A02:01,FSDYVQCFL,0.8231647849082947,0.4186000540852547
TESLA,HLA-A02:01,FVANLFNTYL,0.988687527179718,0.35257181227207185
TESLA,HLA-A02:01,FVLASLCLYV,0.9932616829872132,0.6919180274009704
TESLA,HLA-A02:01,FVLEHEDGL,0.91954345703125,0.5679204031825066
TESLA,HLA-A02:01,FYLGSAYHAA,0.7203655481338501,0.5365215480327606
TESLA,HLA-A02:01,GLFEDTNLFA,0.9955361843109131,0.41992502212524413
TESLA,HLA-A02:01,GLKDLLNPI,0.9672343492507934,0.542326283454895
TESLA,HLA-A02:01,GLSEKCSLV,0.9773210644721985,0.43939208984375
TESLA,HLA-A02:01,GLSKYRPAI,0.760075855255127,0.40149416625499723
TESLA,HLA-A02:01,GLTFKDVTV,0.939968740940094,0.5192947208881378
TESLA,HLA-A02:01,GLYGNLIVL,0.988196849822998,0.5829730451107025
TESLA,HLA-A02:01,GMLTNIWTV,0.9953860402107239,0.3672423630952835
TESLA,HLA-A02:01,GQEGKYDLLV,0.518697839975357,0.552352225780487
TESLA,HLA-A02:01,GQFGKVWMA,0.9762425780296325,0.5207893192768097
TESLA,HLA-A02:01,HLIGGIQVL,0.9890889883041382,0.5698840647935868
TESLA,HLA-A02:01,HLMNIAIIA,0.9878383994102478,0.358488529920578
TESLA,HLA-A02:01,IFLSELEASV,0.9721351146697998,0.7126703143119812
TESLA,HLA-A02:01,ILPFFYLGSA,0.9223854184150696,0.26193888410925864
TESLA,HLA-A02:01,ILPGVFSKL,0.9802471280097962,0.7961789488792419
TESLA,HLA-A02:01,ILYHGNLVV,0.9918298482894897,0.703937315940857
TESLA,HLA-A02:01,IMGQQPAPQV,0.9842799305915833,0.7650805890560151
TESLA,HLA-A02:01,IVYPTPTPI,0.8803554892539978,0.34269251823425295
TESLA,HLA-A02:01,KAWENFPNV,0.9875759363174439,0.5823915064334869
TESLA,HLA-A02:01,KIFLCNARV,0.9474187135696411,0.6214616179466248
TESLA,HLA-A02:01,KLADFGLAC,0.9736162304878235,0.687949287891388
TESLA,HLA-A02:01,KLADFGLACA,0.9947447538375854,0.7601547837257385
TESLA,HLA-A02:01,KLHVSVEAFV,0.9802882075309753,0.8696537733078002
TESLA,HLA-A02:01,KLINSQINL,0.9944344282150268,0.6882990658283233
TESLA,HLA-A02:01,KLKEHLGFAV,0.9902870774269104,0.7555587887763977
TESLA,HLA-A02:01,KLLEGQPVLL,0.9982915163040161,0.849993908405304
TESLA,HLA-A02:01,KLLNCPCPA,0.9802970647811889,0.4428059756755829
TESLA,HLA-A02:01,KLLSEFFSC,0.970417606830597,0.5915537238121032
TESLA,HLA-A02:01,KLLSEFFSCL,0.9972710609436035,0.6149593830108643
TESLA,HLA-A02:01,KLLSFHSVFT,0.9441208124160767,0.34461322128772737
TESLA,HLA-A02:01,KLNPSQNVV,0.9947408318519593,0.6993750929832458
TESLA,HLA-A02:01,KLPYSYNLCV,0.9658824920654296,0.6356881231069564
TESLA,HLA-A02:01,KLSFLVMII,0.9600350260734558,0.44443521201610564
TESLA,HLA-A02:01,KLVVVGAAGV,0.9732292771339417,0.7665641665458679
TESLA,HLA-A02:01,KLYESFYGP,0.9116412997245789,0.28701754063367846
TESLA,HLA-A02:01,KMGKTIYKYV,0.9073404312133789,0.29797555804252623
TESLA,HLA-A02:01,KMLDGLESL,0.9960193037986755,0.6111360013484954
TESLA,HLA-A02:01,KTIQTIVFL,0.9346612453460693,0.2889923706650734
TESLA,HLA-A02:01,KTIYKYVHL,0.942953622341156,0.42450117617845534
TESLA,HLA-A02:01,KTLGIKLSFL,0.970455527305603,0.6181614458560943
TESLA,HLA-A02:01,KTLMEVMSKI,0.9644550323486328,0.460812509059906
TESLA,HLA-A02:01,KVWAVTEEV,0.9839895606040955,0.600116741657257
TESLA,HLA-A02:01,LALPPTVYEV,0.9730373740196228,0.68563894033432
TESLA,HLA-A02:01,LIIENRYAV,0.9863772749900818,0.3112275719642639
TESLA,HLA-A02:01,LLAAGLGRA,0.9684274792671204,0.5739846289157867
TESLA,HLA-A02:01,LLAKQLYRV,0.9964822411537171,0.5470661997795105
TESLA,HLA-A02:01,LLAPLIATL,0.9915693044662476,0.5498502194881439
TESLA,HLA-A02:01,LLDNGTLTI,0.9818375945091248,0.3979511946439743
TESLA,HLA-A02:01,LLFGPSCAL,0.967287564277649,0.5423383623361587
TESLA,HLA-A02:01,LLFTDQHGL,0.9734829664230347,0.6065291166305542
TESLA,HLA-A02:01,LLFTDQHGLV,0.9854864001274108,0.6724726974964141
TESLA,HLA-A02:01,LLFYGAVIEV,0.9975528120994568,0.6296389937400818
TESLA,HLA-A02:01,LLHSGVIGA,0.9663779258728027,0.4915893360972404
TESLA,HLA-A02:01,LLHSGVIGAV,0.9724836945533752,0.5413838259875774
TESLA,HLA-A02:01,LLKAGWQNLV,0.9304978132247925,0.7118914663791657
TESLA,HLA-A02:01,LLLLPLSVA,0.9566619157791137,0.47850416600704193
TESLA,HLA-A02:01,LLLNGLGLA,0.9821224570274353,0.30743331760168074
TESLA,HLA-A02:01,LLLPGNNWKV,0.9933754801750183,0.4957620084285736
TESLA,HLA-A02:01,LLLSSLGYL,0.9742488861083984,0.3059993267059326
TESLA,HLA-A02:01,LLNDASFISV,0.9991817831993103,0.4959221422672272
TESLA,HLA-A02:01,LLPGNNWKV,0.9763061881065369,0.6219830602407456
TESLA,HLA-A02:01,LLQVCWLQSA,0.8690690279006958,0.4885012090206146
TESLA,HLA-A02:01,LLRMNQSQFI,0.5888274759054184,0.35316963493824005
TESLA,HLA-A02:01,LLSEFFSCL,0.9959411859512329,0.5041560530662537
TESLA,HLA-A02:01,LLSFHSVFT,0.8645955443382263,0.349857234954834
TESLA,HLA-A02:01,LLSLWVPQV,0.9913976788520813,0.6806475520133972
TESLA,HLA-A02:01,LLSNELHRL,0.9939717650413513,0.43204253911972046
TESLA,HLA-A02:01,LLYDHPLKV,0.9992127418518066,0.7344308137893677
TESLA,HLA-A02:01,LMMHSATSA,0.9525238275527954,0.37146434038877485
TESLA,HLA-A02:01,LMMHSATSAT,0.6933120250701904,0.4041366696357727
TESLA,HLA-A02:01,LQDSGLWFPV,0.9790061116218567,0.7858826160430908
TESLA,HLA-A02:01,LQVCWLQSA,0.8633751273155212,0.480141407251358
TESLA,HLA-A02:01,LVADVLSPV,0.9955559134483337,0.5472009539604187
TESLA,HLA-A02:01,LVAVFRWAV,0.9495094776153564,0.8407941341400147
TESLA,HLA-A02:01,MLFARHLREV,0.9921450734138488,0.48853759467601776
TESLA,HLA-A02:01,MLIILAGFL,0.9245703220367432,0.3735041365027428
TESLA,HLA-A02:01,MLNTSVPNYM,0.9828429698944092,0.5220138907432557
TESLA,HLA-A02:01,MLPSNYVEA,0.9851616740226745,0.7710303068161011
TESLA,HLA-A02:01,MLPSNYVEAI,0.9403441786766052,0.7485691547393799
TESLA,HLA-A02:01,MLVSTMPVV,0.99320307970047,0.7217244207859039
TESLA,HLA-A02:01,NILGFTFDI,0.8843063831329345,0.3675318256020546
TESLA,HLA-A02:01,NLFLFIDKL,0.8644681096076965,0.23806653618812562
TESLA,HLA-A02:01,NLINEAMDV,0.9575772404670715,0.45932353138923643
TESLA,HLA-A02:01,NSLLLLPLSV,0.9410816431045532,0.596942812204361
TESLA,HLA-A02:01,QLFMATYEI,0.9840034008026123,0.3781669110059738
TESLA,HLA-A02:01,QLLKFIPSL,0.9822587847709656,0.48896796703338624
TESLA,HLA-A02:01,QLSSVRCYV,0.9754251837730408,0.5619250059127807
TESLA,HLA-A02:01,QLVMVLVGGL,0.8104952692985534,0.30518984496593476
TESLA,HLA-A02:01,RLCLYCGYPV,0.983992052078247,0.7799530148506164
TESLA,HLA-A02:01,RLDGFFKNAV,0.9860065937042236,0.8697972536087036
TESLA,HLA-A02:01,RLIGLMMTA,0.990437388420105,0.2983177207410336
TESLA,HLA-A02:01,RLLRGYDQV,0.9896082282066345,0.41921752095222475
TESLA,HLA-A02:01,RLLRPIYDYL,0.9810184478759766,0.34335878640413287
TESLA,HLA-A02:01,RLMDSAQVA,0.992907440662384,0.4220599263906479
TESLA,HLA-A02:01,RLMGINSTA,0.9891592025756836,0.6112889170646667
TESLA,HLA-A02:01,RLMGINSTAA,0.9824266791343689,0.6048704385757446
TESLA,HLA-A02:01,RLPGLILYTL,0.9667305946350098,0.5725199520587921
TESLA,HLA-A02:01,RLSEVMARM,0.9948965549468994,0.7194384574890137
TESLA,HLA-A02:01,RLVLQLLEL,0.9755986094474792,0.6228359282016754
TESLA,HLA-A02:01,RMGQTVIAV,0.9885692596435547,0.4844852417707443
TESLA,HLA-A02:01,RSFSEVFLV,0.9787933707237244,0.8100353121757508
TESLA,HLA-A02:01,RTADWHLYL,0.9853625416755676,0.48537921980023385
TESLA,HLA-A02:01,RVYDALNLL,0.9800143599510193,0.40550954043865206
TESLA,HLA-A02:01,SEQMDVAFQV,0.8330685496330261,0.7846421599388123
TESLA,HLA-A02:01,SLCKSILLFL,0.9479851603507996,0.7028466045856476
TESLA,HLA-A02:01,SLCLYVVVGV,0.9806985497474671,0.6026471287012101
TESLA,HLA-A02:01,SLHDLTDGV,0.9807618975639343,0.47375605404376986
TESLA,HLA-A02:01,SLHPSAPFL,0.9603572964668274,0.5674249738454819
TESLA,HLA-A02:01,SLINSTVIV,0.9879936456680298,0.5964496374130249
TESLA,HLA-A02:01,SLLAARQLL,0.9010367274284363,0.6636606216430664
TESLA,HLA-A02:01,SLLLLPLSV,0.9828724145889283,0.7614285945892334
TESLA,HLA-A02:01,SLLLLPLSVA,0.9511728048324585,0.7496086061000824
TESLA,HLA-A02:01,SLSEARQDV,0.937313723564148,0.3108798176050186
TESLA,HLA-A02:01,SLSSDFNPL,0.9573667526245118,0.7476881623268128
TESLA,HLA-A02:01,SLSSDFNPLV,0.9914236545562745,0.7277561545372009
TESLA,HLA-A02:01,SLYELEKEFL,0.99189133644104,0.8647490501403808
TESLA,HLA-A02:01,SLYLNTTVL,0.9159183979034424,0.7984658122062683
TESLA,HLA-A02:01,SQPPAGSEV,0.573759937286377,0.1360121674835682
TESLA,HLA-A02:01,SVLSALFSI,0.9734422922134399,0.40910066962242125
TESLA,HLA-A02:01,TIITQLSSV,0.9561265468597412,0.7216917514801026
TESLA,HLA-A02:01,TLFHDLWKL,0.9886995434761048,0.6782324850559235
TESLA,HLA-A02:01,TLGIKLSFLV,0.9654416084289551,0.6213478475809098
TESLA,HLA-A02:01,TLMEVMSKI,0.9965940594673157,0.34750577434897423
TESLA,HLA-A02:01,TLYLRNNQLV,0.9018735647201538,0.5155796885490418
TESLA,HLA-A02:01,TMMCVSRNEL,0.9220943331718445,0.7300069749355316
TESLA,HLA-A02:01,TVWDFTLEL,0.9812650799751281,0.6451382994651794
TESLA,HLA-A02:01,VLASLCLYV,0.9905151844024658,0.6782685995101929
TESLA,HLA-A02:01,VLASLCLYVV,0.9944188117980957,0.8215078115463257
TESLA,HLA-A02:01,VLFDRLSKL,0.9929135560989379,0.8177451968193055
TESLA,HLA-A02:01,VLFDRLSKLA,0.9358603000640869,0.7832342207431793
TESLA,HLA-A02:01,VLFSNESSL,0.9429784536361694,0.37182374596595763
TESLA,HLA-A02:01,VLLKAGWQNL,0.9521507501602173,0.8029772877693176
TESLA,HLA-A02:01,VLLSVLIILL,0.9794325590133667,0.5625222355127335
TESLA,HLA-A02:01,VLMMHSATSA,0.9431998372077942,0.31759746223688123
TESLA,HLA-A02:01,VLNFYTTFV,0.9884902477264405,0.35105164535343647
TESLA,HLA-A02:01,VLSALFSIT,0.9567811965942383,0.3404935449361801
TESLA,HLA-A02:01,VLVADVLSPV,0.996759295463562,0.5331810474395752
TESLA,HLA-A02:01,VLWISAFMV,0.9702401876449585,0.5515821874141693
TESLA,HLA-A02:01,VSVLSALFSI,0.8735829949378967,0.43617177605628965
TESLA,HLA-A02:01,WLVDFFSPWC,0.8572158336639404,0.715283888578415
TESLA,HLA-A02:01,WQLDALDFLV,0.9902149796485901,0.5588753938674926
TESLA,HLA-A02:01,YAVQDFLHEI,0.9116384625434876,0.37355779111385345
TESLA,HLA-A02:01,YILDRESPL,0.9945187330245971,0.5486862778663635
TESLA,HLA-A02:01,YITKRIIAV,0.9860939621925354,0.4710354745388031
TESLA,HLA-A02:01,YIYNPSLAL,0.9836046576499939,0.3355055391788483
TESLA,HLA-A02:01,YLAVDALEL,0.9950135350227356,0.5576819658279419
TESLA,HLA-A02:01,YLDVFVHAI,0.9977326035499573,0.44693810790777205
TESLA,HLA-A02:01,YLFIKDNEI,0.9874622225761414,0.15310716331005098
TESLA,HLA-A02:01,YLIIENRYA,0.9739702105522156,0.23206619620323182
TESLA,HLA-A02:01,YLIIENRYAV,0.9909415602684021,0.237890562415123
TESLA,HLA-A02:01,YLLIHGTAV,0.9749245762825012,0.2894382461905479
TESLA,HLA-A02:01,YLLNDASPI,0.9909183859825135,0.36280777454376223
TESLA,HLA-A02:01,YLLQKLSCL,0.9901412129402161,0.5804496556520462
TESLA,HLA-A02:01,YLNEAVFNF,0.9443549275398254,0.6127634674310685
TESLA,HLA-A02:01,YLNEAVFNFV,0.9993737578392029,0.6366277754306793
TESLA,HLA-A02:01,YLYHRVDVI,0.9914869546890259,0.26915028095245364
TESLA,HLA-A02:01,YLYVYKIVSQ,0.8792231559753418,0.4330887570977211
TESLA,HLA-A02:01,YMPGVGDFA,0.9727924704551697,0.5391770780086518
TESLA,HLA-A02:01,YMPGVGDFAV,0.9950606465339661,0.7574601888656616
TESLA,HLA-A02:01,YMWRWKQFL,0.9735621452331543,0.4621301893144846
TESLA,HLA-A02:01,YQANVVWKV,0.9969474911689759,0.2768834620714188
TESLA,HLA-A02:01,YQSPDLSKV,0.9908046007156373,0.41486857235431673
TESLA,HLA-A02:01,YVQCFLAFT,0.8370951890945435,0.4655903369188309
TESLA,HLA-A02:01,YVYKIVSQL,0.9626011967658996,0.5577708125114441
TESLA,HLA-A03:01,ADVLSPVLVK,0.7753506064414978,0.38658931851387024
TESLA,HLA-A03:01,AINRPTVLK,0.9986090660095215,0.3386197336018085
TESLA,HLA-A03:01,ALLPPPPLAK,0.9993049502372742,0.5448770552873612
TESLA,HLA-A03:01,ALYFNSQWK,0.997670841217041,0.028834278136491774
TESLA,HLA-A03:01,ALYKVEINK,0.9983841776847839,0.01905645038932562
TESLA,HLA-A03:01,ASFFGVHSK,0.9974092960357666,0.20393024645745755
TESLA,HLA-A03:01,ATNYIYVLNK,0.9959546089172363,0.028528112918138504
TESLA,HLA-A03:01,ATRYNYTSEK,0.9940227150917054,0.12614493258297443
TESLA,HLA-A03:01,AVRVLFPGIK,0.9695257306098938,0.5229804888367653
TESLA,HLA-A03:01,CRLFPYALHK,0.8051800847053527,0.028205307293683292
TESLA,HLA-A03:01,CVIDAAVLLK,0.99552903175354,0.06472769677639008
TESLA,HLA-A03:01,FIYLFVTETK,0.972347354888916,0.03435190445743501
TESLA,HLA-A03:01,GIKAHPVLK,0.9978925824165344,0.6437763094902038
TESLA,HLA-A03:01,GLLAAGLGR,0.9340073704719544,0.5498408675193787
TESLA,HLA-A03:01,GLSFHLQSSK,0.9974883437156677,0.09564587250351905
TESLA,HLA-A03:01,GMLNTSVPNY,0.9037272334098816,0.031570231262594464
TESLA,HLA-A03:01,GVYTKEFLY,0.9791277766227722,0.4521119624376297
TESLA,HLA-A03:01,HLFDIQGLPK,0.9990991711616516,0.15408750027418136
TESLA,HLA-A03:01,ILFRTPSVAK,0.9977104067802429,0.4988369481638074
TESLA,HLA-A03:01,ILGYWIRTSK,0.9949759483337403,0.1511459805071354
TESLA,HLA-A03:01,ITGALVLFMK,0.9895906448364258,0.25722346156835557
TESLA,HLA-A03:01,KAPVGHFYK,0.9529548764228821,0.6357537714764476
TESLA,HLA-A03:01,KEAADPLAFK,0.7771819949150085,0.10280495807528496
TESLA,HLA-A03:01,KINRALTAAK,0.9984137654304505,0.17851651422679424
TESLA,HLA-A03:01,KIVEMSTSK,0.9981863260269165,0.1412762314081192
TESLA,HLA-A03:01,KIYTGEKPYK,0.9994126319885254,0.11385345235466957
TESLA,HLA-A03:01,KLHVASLSFR,0.9955174326896667,0.19613599237054585
TESLA,HLA-A03:01,KLRDEISLAK,0.9992250442504883,0.026183399744331835
TESLA,HLA-A03:01,KLYKCKVCDK,0.995891010761261,0.018940707109868525
TESLA,HLA-A03:01,KMFCAGYPK,0.9989621758460998,0.02260159756988287
TESLA,HLA-A03:01,KSATRRPVWK,0.9906610369682312,0.14181537926197052
TESLA,HLA-A03:01,KTYACQQCGK,0.9979217171669006,0.1919905051589012
TESLA,HLA-A03:01,KVYDIAFSR,0.9980976223945618,0.19455813392996787
TESLA,HLA-A03:01,LLFGVSALGK,0.9982466101646423,0.05491516273468733
TESLA,HLA-A03:01,LLFKAGEMRK,0.9918593645095826,0.01962455315515399
TESLA,HLA-A03:01,LLPPPPLAK,0.9983183145523071,0.4736219227313995
TESLA,HLA-A03:01,LVYQFKDMLK,0.9928073406219482,0.04012019950896502
TESLA,HLA-A03:01,MFYAVRWGRK,0.9269107460975647,0.0748921625316143
TESLA,HLA-A03:01,MLNTSVPNY,0.8246552467346191,0.029317780584096908
TESLA,HLA-A03:01,RIALWPLAY,0.9446564197540284,0.5038463681936264
TESLA,HLA-A03:01,RIHTSVKLY,0.974165964126587,0.07447880450636149
TESLA,HLA-A03:01,RIPRTVGQK,0.9957952737808228,0.3334362663328648
TESLA,HLA-A03:01,RKSNRVKTCK,0.4667257875204086,0.3057939887046814
TESLA,HLA-A03:01,RLFPYALHK,0.9996855139732361,0.07605383777990937
TESLA,HLA-A03:01,RLFPYALHKW,0.9239909291267395,0.4969445217400789
TESLA,HLA-A03:01,RLFSALNSHK,0.9996564865112305,0.029996616393327714
TESLA,HLA-A03:01,RMFLRFQKK,0.9979535460472106,0.018570047803223133
TESLA,HLA-A03:01,RTGKGQPCNK,0.9938908338546752,0.19036227464675903
TESLA,HLA-A03:01,RTKYDFTWFK,0.9959365010261536,0.1405822541564703
TESLA,HLA-A03:01,RTREFTAKK,0.9983740091323853,0.16845559254288672
TESLA,HLA-A03:01,RVDFSATWYK,0.9964194416999816,0.15880282567813991
TESLA,HLA-A03:01,RVWDVSGLRK,0.9995398998260498,0.5717404007911682
TESLA,HLA-A03:01,SLHAHGLSYK,0.9986850500106812,0.13101591896265746
TESLA,HLA-A03:01,SLSNFPQLK,0.9990015268325806,0.014002375490963458
TESLA,HLA-A03:01,STLFRVVVAK,0.9937237143516541,0.11314870342612267
TESLA,HLA-A03:01,SVEAFVCHRK,0.9318423986434936,0.011120212636888028
TESLA,HLA-A03:01,SVFTSVRRK,0.9960319638252259,0.01597446817904711
TESLA,HLA-A03:01,TLFRVVVAK,0.9983246088027954,0.11176956295967103
TESLA,HLA-A03:01,TLWEQFLEK,0.9970280051231384,0.16953451372683048
TESLA,HLA-A03:01,TSARTENFK,0.7309327721595764,0.03808598034083843
TESLA,HLA-A03:01,VIDAAVLLK,0.9933034539222717,0.3454794742166996
TESLA,HLA-A03:01,YLWAAQAEK,0.9936481833457946,0.5938945353031159
TESLA,HLA-A03:01,YLYCYGYWKK,0.9941405534744263,0.018108967295847832
TESLA,HLA-A11:01,FTANPPSQTK,0.99754798412323,0.09393379241228103
TESLA,HLA-A11:01,GAFMRPITLK,0.9985216617584228,0.0520714059472084
TESLA,HLA-A11:01,GSNNLILIY,0.9540166616439819,0.07498702965676785
TESLA,HLA-A11:01,GVLPNYSEGK,0.997259795665741,0.052070658467710015
TESLA,HLA-A11:01,ILIYWNPFHR,0.9167598724365235,0.07316433805972337
TESLA,HLA-A11:01,KIFLCNARVK,0.9955379843711853,0.06722851446829736
TESLA,HLA-A11:01,KQLYRVFQK,0.9923410773277282,0.030517964623868465
TESLA,HLA-A11:01,LIYWNPFHR,0.9796728968620301,0.04938308903947473
TESLA,HLA-A11:01,LSVSDSHVYK,0.9970592498779297,0.0636133641935885
TESLA,HLA-A11:01,MLSSHIATK,0.9949691891670227,0.06627734787762166
TESLA,HLA-A11:01,NLWPVPHGLK,0.993239426612854,0.1399223193526268
TESLA,HLA-A11:01,RISASCATR,0.9745535254478455,0.409589920938015
TESLA,HLA-A11:01,RLLRPIYDY,0.7501374840736389,0.0495906600728631
TESLA,HLA-A11:01,RSMLFARHLR,0.9861581087112427,0.08946910388767719
TESLA,HLA-A11:01,SALANPIGK,0.9988881945610046,0.05812306925654411
TESLA,HLA-A11:01,SMLFARHLR,0.9466937422752381,0.04342239033430815
TESLA,HLA-A11:01,SPLCNFNIIK,0.7776317477226258,0.02238099938258529
TESLA,HLA-A11:01,SQYCRPISTK,0.9989512920379638,0.15154441595077514
TESLA,HLA-A11:01,SSWHTPTLQK,0.9982500553131104,0.06883813850581647
TESLA,HLA-A11:01,SVSDSHVYK,0.9993616819381714,0.20725911855697632
TESLA,HLA-A11:01,SVSDSHVYKY,0.9928205847740174,0.11099602952599526
TESLA,HLA-A11:01,SVTFNGQVFK,0.9983347415924072,0.09065646156668664
TESLA,HLA-A11:01,TDTGVHATLK,0.9456914305686951,0.4347717843949795
TESLA,HLA-A11:01,TQCKWQFVAK,0.9904741525650025,0.03813300244510174
TESLA,HLA-A11:01,TVIAVASSMR,0.9971763372421265,0.39901132732629774
TESLA,HLA-A11:01,VIAVASSMR,0.9689723014831543,0.3677667140960693
TESLA,HLA-A11:01,VTFNGQVFK,0.9993689298629761,0.09604033157229423
TESLA,HLA-A11:01,VVGAAGVGK,0.9960351824760437,0.4519874930381775
TESLA,HLA-A11:01,VVVGAAGVGK,0.9983278989791871,0.33839907348155973
TESLA,HLA-A11:01,YSNFISHLAK,0.9970364689826965,0.09854217208921909
TESLA,HLA-A24:02,AWLLRKNFF,0.891828453540802,0.3120730142109096
TESLA,HLA-A24:02,AYGNNCDGI,0.9263561606407166,0.24186518229544163
TESLA,HLA-A24:02,AYQKAPTKQF,0.9932820081710816,0.6090390413999558
TESLA,HLA-A24:02,AYYFMVKVW,0.9910724401473999,0.11648749113082886
TESLA,HLA-A24:02,EYQDMHSYI,0.9731176733970642,0.06869656424969435
TESLA,HLA-A24:02,IYANMFKKF,0.9966306924819947,0.08516745455563068
TESLA,HLA-A24:02,LDYVENLAKF,0.9820362806320191,0.07556869983673095
TESLA,HLA-A24:02,LLYEDVFPVW,0.9775990962982177,0.2765077754855156
TESLA,HLA-A24:02,LYEDVFPVW,0.9974055886268616,0.29984794855117797
TESLA,HLA-A24:02,PWQASLFHL,0.9790452718734741,0.3213807582855225
TESLA,HLA-A24:02,PYLPSPCPP,0.5423395574092865,0.7219752341508865
TESLA,HLA-A24:02,QPWQASLFHL,0.7296651482582093,0.42303355038166046
TESLA,HLA-A24:02,RHSPAPFSKF,0.9735558986663818,0.10251316614449024
TESLA,HLA-A24:02,RMPKLLKSLF,0.9946278214454651,0.06566309034824372
TESLA,HLA-A24:02,RVVSGAYYF,0.9837174773216247,0.2569800002500415
TESLA,HLA-A24:02,SLFHLTRLF,0.9752032399177551,0.2578835792839527
TESLA,HLA-A24:02,SLVPCLPEFF,0.9772072553634643,0.39726066291332246
TESLA,HLA-A24:02,SQPWQASLF,0.9162024021148681,0.6115492165088654
TESLA,HLA-A24:02,VFIQTRGGTF,0.9824775815010071,0.6657271265983582
TESLA,HLA-A24:02,VFPVWEVIW,0.9885645270347595,0.6280749350786209
TESLA,HLA-A24:02,VYCEEYYLF,0.99785817861557,0.24187571331858634
TESLA,HLA-A24:02,VYCEEYYLFS,0.9451958894729614,0.10983152091503143
TESLA,HLA-A24:02,VYPFYRFRLI,0.9824430346488953,0.033444837853312495
TESLA,HLA-B07:02,APKVEADESL,0.995715069770813,0.2522145465016365
TESLA,HLA-B07:02,ATAAARGPV,0.919239592552185,0.48629132807254793
TESLA,HLA-B07:02,CPLQCFQPRL,0.8300662398338318,0.18029385823756455
TESLA,HLA-B07:02,GPSPSSEAL,0.9992757201194763,0.4056979477405548
TESLA,HLA-B07:02,GPVEEVRAL,0.9976108431816101,0.2800054639577866
TESLA,HLA-B07:02,GPVEEVRALL,0.9900136351585388,0.2079272225499153
TESLA,HLA-B07:02,KPANHRGQL,0.999650752544403,0.26412722300738095
TESLA,HLA-B07:02,KPMEAVTVAV,0.994500207901001,0.3051611602306366
TESLA,HLA-B07:02,LPGLILYTL,0.9831127643585205,0.07714975215494632
TESLA,HLA-B07:02,RGPVEEVRAL,0.891613221168518,0.4954634070396423
TESLA,HLA-B07:02,RGRMQTASL,0.9949999928474427,0.5518296867609024
TESLA,HLA-B07:02,RPRRVEIVAL,0.9995055675506592,0.5971472978591919
TESLA,HLA-B07:02,RPTYEEGFL,0.9620883107185364,0.529548528790474
TESLA,HLA-B07:02,RPVGGRPGW,0.9761778354644776,0.8233233332633972
TESLA,HLA-B07:02,RPVWKLVKV,0.993779993057251,0.38699323534965513
TESLA,HLA-B07:02,SPWKDGDEL,0.9947975873947144,0.19984302371740342
TESLA,HLA-B07:02,VPTLGRGGW,0.8761319994926453,0.4039339914917946
TESLA,HLA-B27:05,HRDRLIGLMM,0.9973128914833069,0.6851673364639282
TESLA,HLA-B27:05,HRIELDPSKF,0.9999319672584533,0.9010086297988892
TESLA,HLA-B27:05,KRACCIPGR,0.9976282358169556,0.7944456458091735
TESLA,HLA-B27:05,KRACCIPGRR,0.9991836428642273,0.7056316375732422
TESLA,HLA-B27:05,KRCPGRFVY,0.9991644620895386,0.8832350373268127
TESLA,HLA-B27:05,KRRPSGFFLF,0.9999631404876709,0.70723607391119
TESLA,HLA-B27:05,LRTADWHLY,0.998281455039978,0.9061434745788575
TESLA,HLA-B27:05,LRTADWHLYL,0.9998984217643738,0.9147565364837646
TESLA,HLA-B27:05,NRYAVQDFL,0.9983625054359436,0.7054189741611481
TESLA,HLA-B27:05,NRYAVQDFLH,0.9998428225517273,0.6015283435583114
TESLA,HLA-B27:05,RRHIEIRDK,0.9961297512054443,0.9120856404304505
TESLA,HLA-B27:05,RRPSGFFLF,0.9995298624038697,0.7617080420255661
TESLA,HLA-B27:05,RRQSMTVKR,0.9993703722953796,0.5984991788864136
TESLA,HLA-B27:05,RRQSMTVKRE,0.99834805727005,0.6064996600151062
TESLA,HLA-B27:05,RRSMLFARH,0.9993837952613831,0.9010040044784546
TESLA,HLA-B27:05,RRSMLFARHL,0.9999070525169372,0.9052131533622741
TESLA,HLA-B27:05,SQNQHENDI,0.6153956949710846,0.8761291861534118
TESLA,HLA-B27:05,SRMGQTVIAV,0.9999375104904175,0.5117710366845131
TESLA,HLA-B27:05,YRHVHLRSF,0.9994187355041504,0.9490929126739502
