Peptide,ImmunogenicityScore,ImmunogenicityScore.cv
AAIESFVSV,0.40224,0.0563691338702356
ALAGGLYEY,0.42856,0.0472576452319929
ALFCHQYDI,0.32488,0.0963434291064117
ALGALLILQL,0.53896,0.0477523650066643
ALKSDFKLV,0.28512,0.110244428584397
ALQEEQNIL,0.39136,0.0678886552789085
ALQQLTTHM,0.43984,0.0622073629489366
ALSTVRVGA,0.41136,0.0580166655722658
AMGNELIQVL,0.36752,0.0630389679243834
AVAQDYAQGV,0.33376,0.0680887951804507
AVEDELLQAV,0.36176,0.0755900167826929
AVVGPLPTM,0.51928,0.0441786395809647
CLSPPPTLL,0.44416,0.052462599514446
DIVGFFFSV,0.36504,0.0842289172840996
ELDETSQEL,0.27848,0.0786261631261892
EMDDFEIVV,0.36456,0.0818098484441253
EMTDITIKA,0.26464,0.0759425232568312
FCLSPPPTLL,0.43664,0.0500141829503163
FFLGITNML,0.4496,0.0659304094763218
FKLSDVEMAT,0.2268,0.0888787985463895
FLEEIILKSL,0.22376,0.0930068596947233
FLLICGLQQV,0.5224,0.0422002444200777
FLNILYPKT,0.24296,0.0830393165157622
FLRESQNPL,0.4568,0.0643349523889255
FLTGISQNYA,0.28624,0.0655861704045361
FVMRNHDVV,0.35504,0.0853556644515446
FVMRNHDVVL,0.33976,0.0718604183899961
GLALGTPLSI,0.55904,0.0471134655224843
GLAVNLSQI,0.47952,0.0587663949294576
GLRVVAIQV,0.48872,0.0639555560503726
GLSSVALAF,0.40936,0.066433206950905
GLSSVALAFL,0.43104,0.0501550180087686
GMLKTDEGI,0.23664,0.0769100743745774
GMVLAEDGV,0.4724,0.0707378551219426
GNLPDIEVRL,0.30024,0.0752740973332189
GRVIENLAEA,0.32808,0.071167586051815
GTIGLFLPL,0.552,0.0512075870474731
HLDAWTIYS,0.2876,0.0782915872684124
HLEQEEAFL,0.39184,0.0764472169181985
HQFNLAETL,0.26704,0.0745861911921892
IIFFFLNRV,0.33176,0.086267300456114
IIPPMFGTV,0.5056,0.0592584768050289
ILFQCMPVPV,0.4504,0.0582224671853669
ILFSAAKHSV,0.2756,0.0762261792771588
ILPDFLPII,0.48664,0.0612775921235039
ILVDIDDTF,0.36152,0.0802689877519038
IMEEVWYFL,0.32384,0.0794292360749304
IMLQQFTVKL,0.3008,0.107210874312481
IQLAVFFFL,0.40016,0.0990596529609331
IVFPIIVIVV,0.31008,0.146496679034697
IVVEFSSPV,0.36168,0.0800649758802843
KEMTDITIKA,0.19784,0.104199764235119
KIEGGIHTA,0.318,0.0840079885546714
KLDYLEEKA,0.18936,0.113334243396886
KLPDLWCKI,0.46216,0.0632309635874356
KLSDVEMAT,0.28472,0.087168240572969
KLVSLRTSL,0.32984,0.0930663775463087
KMVRLDLLM,0.36,0.0578462912868047
KTLSHLQTL,0.30952,0.0839239561280255
KVDHKGPQI,0.16576,0.102695040434942
KVEEALVLL,0.24352,0.0901011711811826
LAMAFDHYV,0.30472,0.0888866615238974
LEMDDFEIVV,0.29032,0.113853318349224
LFLLYGLSSV,0.34712,0.0982742269037119
LLALMTVAM,0.46584,0.0628415483322071
LLAMAFDHYV,0.30096,0.0876193925191353
LLAPFSEEGL,0.3972,0.0741880569425581
LLGFSHLANL,0.36488,0.0701243582920746
LLLERGYDV,0.32704,0.123489897979144
LLLGDMDQGI,0.44984,0.0587862508806363
LLLHSSNLI,0.30984,0.0662200964739464
LLLPAHYET,0.29048,0.0711728851063343
LLLPAHYETL,0.32176,0.065150498002257
LLMRYLKAI,0.28232,0.122798006847801
LLPAHYETL,0.30704,0.0685787914053346
LLQDGRTLI,0.48736,0.0632065181798803
LMAPLSPGA,0.5088,0.0540278928721677
LVSDVSVDSV,0.28544,0.0669169889439786
MLDSRSTNRV,0.25408,0.0980914738327084
MLQQFTVKL,0.31888,0.0709608826077149
MMVNFVVEC,0.3876,0.0692921812125342
NIYPNIIAM,0.42144,0.0713625126181938
NLAEAQSAA,0.39728,0.0770073080802505
NLAEAQSAAL,0.44448,0.0672727535581576
QLAVFFFLL,0.30128,0.100179613345517
QLMAPLSPGA,0.48544,0.0644166803717682
QVFDFKLSDV,0.26424,0.0939862308864295
QWLSEDEIML,0.37648,0.0590820261593157
REMIPAVLPL,0.5328,0.0566182549887326
RLDLLMRYL,0.31536,0.0741792281642488
RLLLERGYDV,0.2536,0.0934800440940828
RLLLHSSNL,0.30736,0.0854983147467531
RLQPDRVAM,0.44792,0.0484771772629773
RLSEDYGML,0.31376,0.0701008665271813
RLWPSSWVS,0.47584,0.0799501594912978
SLHLDAWTI,0.3612,0.0867135092102205
SQIFFSLHL,0.29544,0.0543156453431752
TAMGNELIQV,0.39376,0.0748838581632756
TIMNTQLWV,0.45672,0.0660482204789954
TIWVDLLRA,0.50472,0.0477142944374453
TLAELVRYYM,0.34656,0.0711598873466731
TLCVADFGL,0.42944,0.0477511624605268
TLTSWSLAA,0.4888,0.0446033972334093
TMLISILKL,0.36232,0.106699987781649
TVMFIGVNL,0.4672,0.0621948082825272
TVMTITVYA,0.29976,0.062331186089025
VLAADIQQC,0.45832,0.0478802482692385
VLHFPLVNC,0.44576,0.0842014298396483
VLLAPPATGM,0.55384,0.0569822425076871
VLLQDGRTL,0.50408,0.0682661996952964
VLLYCIAAL,0.29976,0.116319526756825
VLSSVNSNLL,0.36784,0.0758106712228369
VMFIGVNLT,0.42616,0.0580962508732914
VVVYGMEYL,0.28072,0.0815149980775787
WLSEDEIML,0.39736,0.0623374583699333
YILVDIDDTF,0.222,0.107763464660649
YIRFFITYV,0.2672,0.109283146023332
YITAAYVEV,0.29096,0.0770080049777028
YLDATFSPCL,0.3824,0.0685259553941198
YLDEPFWAQ,0.39824,0.06407390482339
YLLTGQQKT,0.25112,0.102357261854951
YLRLQPDRV,0.32752,0.0901834074719795
YLSAIMPSQL,0.33384,0.0659207063063262
